[{"id":"03924a33-386f-4358-902e-f7d571a7db89","path":"/init.ipynb"},{"id":"41a3e48d-da45-4825-b7fe-b2cef3f904f2","path":"/Session 1.ipynb"},{"id":"aba3823a-2de3-4968-96a6-727ac846029e","path":"/Session_16/First Assignment/1st_Asignment.ipynb"},{"id":"daabf362-c68e-4f26-b3cc-d1fb323e1cf5","path":"/Session_16/Part 1.ipynb"},{"id":"edd0a462-cbf2-4dee-a8dc-9d3dbd38b778","path":"/Session_16/Second Assignment/2nd_Assignment.ipynb"},{"id":"dc0e4166-42de-4ce0-ba24-0dea54a62add","path":"/Session 2.ipynb"},{"id":"aebf7b4d-1331-41cc-9929-1d8e5b638658","path":"/Session 3.ipynb"},{"id":"7e875350-dee2-46c5-8fa9-8bf91c4adaee","path":"/Session 4.ipynb"},{"id":"35897c66-f6c6-4531-acc1-e1adaeceb42c","path":"/Session 10.ipynb"},{"id":"ae1b55d7-4d3b-4ad5-bff1-4c0304e4a1b5","path":"/Session 12.ipynb"},{"id":"12725168-2313-4e50-b665-64b7b5ef4b90","path":"/Session 9.ipynb"},{"id":"5fcea5e9-b12e-4f9f-ae37-09b3aa318a94","path":"/Session 8.ipynb"},{"id":"f8e8df87-e913-4559-b7ab-cee10d6295b8","path":"/Session 7.ipynb"},{"id":"1f4bf632-aa3f-4f24-b1c8-da24aa39e786","path":"/Session 13 Instructor's Notebook.ipynb"},{"id":"78ece74e-9678-43ad-abc0-d0fb23451f83","path":"/Session 13.ipynb"},{"id":"e9f8d213-8824-4288-85f2-9e5a8e5b5486","path":"/Session 14 Instructor's Notes.ipynb"},{"id":"2acccad0-7e7a-4672-be76-9ea84219ec9d","path":"/Session 6.ipynb"},{"id":"9d65f60c-0fce-4918-aeb2-94033da86a3b","path":"/Session 15.ipynb"}]